{
    "exception": null,
    "pageRoot": {
        "id": "core-root_0",
        "typeName": "core-root",
        "modules": {
            "body": [
                {
                    "id": "default-page_0",
                    "typeName": "default-page",
                    "modules": {
                        "primary": [
                            {
                                "id": "ProductFeature__0",
                                "typeName": "my-featured-container",
                                "config": {
                                    "showText": "Example Config Value"
                                },
                                "modules":  {
                                    "slot1": [
                                        {
                                            "id": "bgImage__0",
                                            "typeName": "my-featured-content",
                                            "config": {
                                                "showText": "Example Config Value",
                                                "imageAlignment": "right",
                                                "imageSrc": "https://images-us-sb.cms.commerce.dynamics.com/cms/api/qvngfvszcl/imageFileData/SAd0D",
                                                "productIds": "68719498121"
                                            }
                                        }
                                    ],
                                    "slot2": [
                                        {
                                            "id": "bgImage__1",
                                            "typeName": "my-featured-content",
                                            "config": {
                                                "showText": "Example Config Value",
                                                "imageAlignment": "left",
                                                "imageSrc": "https://images-us-sb.cms.commerce.dynamics.com/cms/api/qvngfvszcl/imageFileData/SAd0D",
                                                "productIds": "68719498121"
                                            }
                                        }
                                    ]
                                }
                            }
                        ]
                    }
                }
            ]
        }
    },
    "renderingContext": {
        "gridSettings": {
            "xs": {
                "w": 767
            },
            "sm": {
                "w": 991
            },
            "md": {
                "w": 1199
            },
            "lg": {
                "w": 1599
            },
            "xl": {
                "w": 1600
            }
        },
        "staticContext": {
            "staticCdnUrl": "/_scnr/"
        },
        "locale": "en-us"
    },
    "statusCode": 200
}