{
    "exception": null,
    "pageRoot": {
        "pageLayout": null,
        "title": null,
        "faviconUrl": null,
        "bodyClass": "this should be body class",
        "pageDescription": null,
        "pageKeywords": null,
        "canonicalUrl": "https://rushmore.microsoft.com/en-us/cittadesign/demopagev3",
        "modules": {
            "primary": [
                {
                    "modules": {
                        "content": [
                            {
                                "id": "password-reset-verification__1",
                                "typeName": "password-reset-verification"
                            }
                        ]
                    },
                    "id": "primaryRegion__0",
                    "typeName": "default-container"
                }
            ]
        },
        "id": "page",
        "config": {},
        "typeName": "default-page"
    },
    "modules": {
        "page": {
            "id": "page",
            "typeName": "default-page"
        },
        "primaryRegion__0": {
            "id": "primaryRegion__0",
            "typeName": "default-container"
        },
        "password-reset-verification__1": {
            "id": "password-reset-verification__1",
            "typeName": "password-reset-verification",
            "data": {
                "heading": {
                    "headingTag": "h1",
                    "text": "Verify your email address",
                    "textSize": "sm"
                }
            },
            "config": {
                "emailAddressLabelText" :"Email Address",
                "verificationCodeLabelText" :"Verification Code",
                "sendCodeButtonText" :"Send verification code",
                "sendCodeButtonAriaLabel" :"Send verification code",
                "resendCodeButtonText" :"Send new code",
                "resendCodeButtonAriaLabel" :"Send new code",
                "verifyCodeButtonText" :"Verify code",
                "verifyCodeButtonAriaLabel" :"Verify code",
                "continueButtonText" :"Continue",
                "continueButtonAriaLabel" :"Continue",
                "cancelButtonText" :"Cancel",
                "cancelButtonAriaLabel" :"Cancel",
                "verificationCodeSendSuccess" :"Verification code has been sent to your inbox. Please copy it to the input box below.",
                "emailAddressVerifiedSuccess" :"E-mail address verified. You can now continue",
                "requriedEmailError" :"Please enter a valid email address",
                "invalidEmailError" :"Incorrect format",
                "retryError" :"That code is incorrect. Please try again",
                "retryNotAllowedError" :"You have made too many incorrect attempts. Please try again later",
                "throttledError" :"There have been too many requests to verify this email address. Please wait a while, then try again.",
                "codeExpiredError" :"That code is expired. Please request a new code",
                "serverError" :"We are having trouble verifying your email address. Please enter a valid email address and try again",
                "loadingMessage" :"Please wait.",
                "showLoadingMessage": true
            }
        }
    },
    "renderingContext": {
        "flightIds": [
            "feature.xboxcontentondesktop",
            "feature.sfwaa_control"
        ],
        "requestUrl": "rushmore.microsoft.com/cittadesign/demopagev3",
        "clientContext": {
            "deviceGroupId": "uplevel.web.pc.webkit.chrome",
            "deviceType": "Pc"
        },
        "staticContext": {
            "staticCdnUrl": "/",
            "staticCdnUrlWithLocale": "/"
        },
        "userContext": {
            "token": null,
            "isAuthenticated": false,
            "signInUrl": "https://onerf.dev.microsoft.com:443/cittadesign/onerf/signin?EEL=True&pcexp=True",
            "signOutUrl": "https://onerf.dev.microsoft.com:443/cittadesign/onerf/signout?pcexp=True",
            "signinName": null,
            "name": null,
            "emailAddress": null
        },
        "apiSettings": {
            "baseUrl": "https://rushe2e-tie-sb3f7e6dfa6e7204c89ret.cloudax.test.dynamics.com//",
            "channelId": 5637145359,
            "catalogId": 0,
            "oun": "077",
            "baseImageUrl": "https://img-ppe-cms-mr-microsoft-com.akamaized.net/cms/api/fabrikam/imageFileData/search?fileName=/"
        },
        "locale": "en-us",
        "market": "US"
    },
    "statusCode": 200,
    "redirectUrl": null
}