{
    "exception": null,
    "pageRoot": {
        "pageLayout": null,
        "title": null,
        "faviconUrl": null,
        "bodyClass": "this should be body class",
        "pageDescription": null,
        "pageKeywords": null,
        "canonicalUrl": "https://rushmore.microsoft.com/en-us/cittadesign/demopagev3",
        "modules": {
            "primary": [
                {
                    "modules": {
                        "content": [
                            {
                                "id": "password-reset__1",
                                "typeName": "password-reset"
                            }
                        ]
                    },
                    "id": "primaryRegion__0",
                    "typeName": "default-container"
                }
            ]
        },
        "id": "page",
        "config": {},
        "typeName": "default-page"
    },
    "modules": {
        "page": {
            "id": "page",
            "typeName": "default-page"
        },
        "primaryRegion__0": {
            "id": "primaryRegion__0",
            "typeName": "default-container"
        },
        "password-reset__1": {
            "id": "password-reset__1",
            "typeName": "password-reset",
            "data": {
                "heading": {
                    "headingTag": "h2",
                    "text": "Reset password",
                    "textSize": "sm"
                }
            },
            "config": {
                "newPasswordLabelText": "New Password",
                "confirmPasswordLabelText": "Confirm Password",
                "saveButtonText": "Save",
                "saveButtonAriaLabel": "Save",
                "cancelButtonText": "Cancel",
                "cancelButtonAriaLabel": "Cancel",
                "passwordEntryMismatchError": "The password entry fields do not match. Please enter the same password in both fields and try again.",
                "requiredFieldMissingError": "A required field is missing. Please fill out all required fields and try again.",
                "fieldIncorrectError": "One or more fields are filled out incorrectly. Please check your entries and try again.",
                "invalidPasswordError": "Please enter a valid password.",
                "loadingMessage": "Please wait",
                "showLoadingMessage": true
            }
        }
    },
    "renderingContext": {
        "flightIds": [
            "feature.xboxcontentondesktop",
            "feature.sfwaa_control"
        ],
        "requestUrl": "rushmore.microsoft.com/cittadesign/demopagev3",
        "clientContext": {
            "deviceGroupId": "uplevel.web.pc.webkit.chrome",
            "deviceType": "Pc"
        },
        "staticContext": {
            "staticCdnUrl": "/",
            "staticCdnUrlWithLocale": "/"
        },
        "userContext": {
            "token": null,
            "isAuthenticated": false,
            "signInUrl": "https://onerf.dev.microsoft.com:443/cittadesign/onerf/signin?EEL=True&pcexp=True",
            "signOutUrl": "https://onerf.dev.microsoft.com:443/cittadesign/onerf/signout?pcexp=True",
            "signinName": null,
            "name": null,
            "emailAddress": null
        },
        "apiSettings": {
            "baseUrl": "https://rushe2e-tie-sb3f7e6dfa6e7204c89ret.cloudax.test.dynamics.com//",
            "channelId": 5637145359,
            "catalogId": 0,
            "oun": "077",
            "baseImageUrl": "https://img-ppe-cms-mr-microsoft-com.akamaized.net/cms/api/fabrikam/imageFileData/search?fileName=/"
        },
        "locale": "en-us",
        "market": "US"
    },
    "statusCode": 200,
    "redirectUrl": null
}