{
    "exception": null,
    "pageRoot": {
        "pageLayout": null,
        "title": null,
        "faviconUrl": null,
        "bodyClass": "this should be body class",
        "pageDescription": null,
        "pageKeywords": null,
        "canonicalUrl": "https://rushmore.microsoft.com/en-us/cittadesign/demopagev3",
        "modules": {
            "primary": [
                {
                    "modules": {
                        "content": [
                            {
                                "id": "sign-in__1",
                                "typeName": "sign-in"
                            }
                        ]
                    },
                    "id": "primaryRegion__0",
                    "typeName": "default-container"
                }
            ]
        },
        "id": "page",
        "config": {},
        "typeName": "default-page"
    },
    "modules": {
        "page": {
            "id": "page",
            "typeName": "default-page"
        },
        "primaryRegion__0": {
            "id": "primaryRegion__0",
            "typeName": "default-container"
        },
        "sign-in__1": {
            "id": "sign-in__1",
            "typeName": "sign-in",
            "data": {
                "signInHeading": {
                    "headingTag": "h2",
                    "text": "Sign in",
                    "textSize": "sm"
                },
                "signUpHeading": {
                    "headingTag": "h2",
                    "text": "Don’t have an account?",
                    "textSize": "sm"
                },
                "signUpDescriptionText": {
                    "text": "Create an account with us to get Fabrikam membership points and to save your favorites to the Wishlist."
                },
                "disclaimer": {
                    "text": "<p>By signing in to your account, you accept our <a href=\"privacypolicy\" class=\"c-hyperlink\">Privacy Policy</a>.</p>"
                }
            },
            "config": {
                "facebookButtonText": "Sign in with Facebook",
                "facebookButtonAriaLabel": "Sign in with Facebook",
                "microsoftButtonText": "Sign in with Microsoft",
                "microsoftButtonAriaLabel": "Sign in with Microsoft",
                "emailAddressLabelText": "Email address",
                "passwordLabelText": "Password",
                "loginButtonText": "Sign in",
                "loginButtonAriaLabel": "Sign in",
                "signUpButtonText": "Create an account",
                "signUpButtonAriaLabel": "Create an account",
                "forgotPasswordButtonText": "Forgotten password?",
                "forgotPasswordButtonAriaLabel": "Forgotten password?",
                "loadingMessage": "Please wait.",
                "requriedEmailError": "Please enter your email address.",
                "requriedPasswordError": "Please enter your password.",
                "invalidEmailError": "Please enter a valid email address.",
                "invalidPasswordError": "The password you entered is not in the expected format.",
                "unknownError": "We are having trouble signing you in. Please try again later.",
                "showLoadingMessage": true
            }
        }
    },
    "renderingContext": {
        "flightIds": [
            "feature.xboxcontentondesktop",
            "feature.sfwaa_control"
        ],
        "requestUrl": "rushmore.microsoft.com/cittadesign/demopagev3",
        "clientContext": {
            "deviceGroupId": "uplevel.web.pc.webkit.chrome",
            "deviceType": "Pc"
        },
        "staticContext": {
            "staticCdnUrl": "/",
            "staticCdnUrlWithLocale": "/"
        },
        "userContext": {
            "token": null,
            "isAuthenticated": false,
            "signInUrl": "https://onerf.dev.microsoft.com:443/cittadesign/onerf/signin?EEL=True&pcexp=True",
            "signOutUrl": "https://onerf.dev.microsoft.com:443/cittadesign/onerf/signout?pcexp=True",
            "signinName": null,
            "name": null,
            "emailAddress": null
        },
        "apiSettings": {
            "baseUrl": "https://rushe2e-tie-sb3f7e6dfa6e7204c89ret.cloudax.test.dynamics.com//",
            "channelId": 5637145359,
            "catalogId": 0,
            "oun": "077",
            "baseImageUrl": "https://img-ppe-cms-mr-microsoft-com.akamaized.net/cms/api/fabrikam/imageFileData/search?fileName=/"
        },
        "locale": "en-us",
        "market": "US"
    },
    "statusCode": 200,
    "redirectUrl": null
}