{
    "modules": {
        "media-gallery": {
            "properties": {
                "vertical": {
                    "friendlyName": "Vertical",
                    "description": "Vertical",
                    "type": "layout",
                    "properties": {
                        "thumbnailImageSettings": {
                            "friendlyName": "Thumbnail Image Settings",
                            "description": "Image settings for the thumbnails",
                            "type": "imageSizes",
                            "properties": {
                                "sm": {
                                    "width": 100,
                                    "height": 0
                                },
                                "lg": {
                                    "width": 100,
                                    "height": 0
                                },
                                "xl": {
                                    "width": 100,
                                    "height": 0
                                }
                            }
                        },
                        "galleryImageSettings": {
                            "friendlyName": "Gallery Image Settings",
                            "description": "Image settings for the main gallery",
                            "type": "imageSizes",
                            "properties": {
                                "xs": {
                                    "width": 767,
                                    "height": 767
                                },
                                "sm": {
                                    "width": 600,
                                    "height": 600
                                },
                                "md": {
                                    "width": 600,
                                    "height": 772
                                },
                                "lg": {
                                    "width": 0,
                                    "height": 772
                                },
                                "xl": {
                                    "width": 0,
                                    "height": 772
                                }
                            }
                        }
                    }
                }
            }
        },
        "content-block": {
            "properties": {
                "full-width": {
                    "friendlyName": "Full width background image",
                    "description": "Full width background image",
                    "type": "layout",
                    "properties": {
                        "image": {
                            "friendlyName": "Hero Image Settings",
                            "description": "Image settings for the hero",
                            "type": "imageSizes",
                            "properties": {
                                "xs": {
                                    "width": 800,
                                    "height": 600
                                },
                                "sm": {
                                    "width": 1200,
                                    "height": 900
                                },
                                "md": {
                                    "width": 1600,
                                    "height": 900
                                },
                                "lg": {
                                    "width": 1600,
                                    "height": 700
                                },
                                "xl": {
                                    "width": 1600,
                                    "height": 700
                                }
                            }
                        }
                    }
                },
                "left-right": {
                    "friendlyName": "Left or right image",
                    "description": "Left or right image",
                    "type": "layout",
                    "properties": {
                        "image": {
                            "friendlyName": "Feature left or right Image Settings",
                            "description": "Feature left or right Image Settings",
                            "type": "imageSizes",
                            "properties": {
                                "xs": {
                                    "width": 509,
                                    "height": 303
                                },
                                "sm": {
                                    "width": 762,
                                    "height": 471
                                },
                                "md": {
                                    "width": 1110,
                                    "height": 557
                                },
                                "lg": {
                                    "width": 935,
                                    "height": 471
                                },
                                "xl": {
                                    "width": 935,
                                    "height": 471
                                }
                            }
                        }
                    }
                },
                "tile": {
                    "friendlyName": "Tile image",
                    "description": "Tile image",
                    "type": "layout",
                    "properties": {
                        "image": {
                            "friendlyName": "Tile Image Settings",
                            "description": "Tile Image Settings",
                            "type": "imageSizes",
                            "properties": {
                                "xs": {
                                    "width": 343,
                                    "height": 457
                                },
                                "md": {
                                    "width": 427,
                                    "height": 569
                                },
                                "xl": {
                                    "width": 427,
                                    "height": 569
                                }
                            }
                        }
                    }
                }
            }
        },
        "product-collection": {
            "properties": {
                "mediumWidth": {
                    "friendlyName": "Medium card image",
                    "description": "Medium width product tile",
                    "type": "layout",
                    "properties": {
                        "imageSettings": {
                            "friendlyName": "Product card image settings",
                            "description": "Image settings for product card",
                            "type": "imageSizes",
                            "properties": {
                                "xs": {
                                    "width": 315,
                                    "height": 315
                                },
                                "lg": {
                                    "width": 315,
                                    "height": 315
                                },
                                "xl": {
                                    "width": 315,
                                    "height": 315
                                }
                            }
                        }
                    }
                }
            }
        },
        "search-result-container": {
            "properties": {
                "mediumWidth": {
                    "friendlyName": "Medium card images",
                    "description": "Medium size product images",
                    "type": "layout",
                    "properties": {
                        "imageSettings": {
                            "friendlyName": "Product card image settings",
                            "description": "Image settings for product card",
                            "type": "imageSizes",
                            "properties": {
                                "xs": {
                                    "width": 315,
                                    "height": 315
                                },
                                "lg": {
                                    "width": 315,
                                    "height": 315
                                },
                                "xl": {
                                    "width": 315,
                                    "height": 315
                                }
                            }
                        }
                    }
                }
            }
        },
        "promo-banner": {
            "properties": {
                "mediumWidth": {
                    "friendlyName": "Medium Width",
                    "description": "Medium width promo-banner",
                    "type": "layout",
                    "properties": {
                        "imageSettings": {
                            "friendlyName": "Promo-banner image settings",
                            "description": "Image settings for promo-banner",
                            "type": "imageSizes",
                            "properties": {
                                "xs": {
                                    "width": 40,
                                    "height": 40
                                },
                                "lg": {
                                    "width": 40,
                                    "height": 40
                                },
                                "xl": {
                                    "width": 40,
                                    "height": 40
                                }
                            }
                        }
                    }
                }
            }
        },
        "wishlist-items": {
            "properties": {
                "mediumWidth": {
                    "friendlyName": "Medium",
                    "description": "Medium",
                    "type": "layout",
                    "properties": {
                        "imageSettings": {
                            "friendlyName": "Wishlist items image settings",
                            "description": "Image settings for wishlist items",
                            "type": "imageSizes",
                            "properties": {
                                "xs": {
                                    "width": 335,
                                    "height": 335
                                },
                                "lg": {
                                    "width": 315,
                                    "height": 315
                                },
                                "xl": {
                                    "width": 315,
                                    "height": 315
                                }
                            }
                        }
                    }
                }
            }
        },
        "order-details": {
            "properties": {
                "mediumWidth": {
                    "friendlyName": "Medium",
                    "description": "Medium",
                    "type": "layout",
                    "properties": {
                        "imageSettings": {
                            "friendlyName": "Order details items image settings",
                            "description": "Image settings for order details items",
                            "type": "imageSizes",
                            "properties": {
                                "xs": {
                                    "width": 147,
                                    "height": 147
                                },
                                "lg": {
                                    "width": 147,
                                    "height": 147
                                },
                                "xl": {
                                    "width": 147,
                                    "height": 147
                                }
                            }
                        }
                    }
                }
            }
        },
        "order-confirmation": {
            "properties": {
                "mediumWidth": {
                    "friendlyName": "Medium",
                    "description": "Medium",
                    "type": "layout",
                    "properties": {
                        "imageSettings": {
                            "friendlyName": "Order details items image settings",
                            "description": "Image settings for order details items",
                            "type": "imageSizes",
                            "properties": {
                                "xs": {
                                    "width": 147,
                                    "height": 147
                                },
                                "lg": {
                                    "width": 147,
                                    "height": 147
                                },
                                "xl": {
                                    "width": 147,
                                    "height": 147
                                }
                            }
                        }
                    }
                }
            }
        },
        "order-history": {
            "properties": {
                "mediumWidth": {
                    "friendlyName": "Medium",
                    "description": "Medium",
                    "type": "layout",
                    "properties": {
                        "imageSettings": {
                            "friendlyName": "Order history items image settings",
                            "description": "Image settings for order history items",
                            "type": "imageSizes",
                            "properties": {
                                "xs": {
                                    "width": 147,
                                    "height": 147
                                },
                                "lg": {
                                    "width": 147,
                                    "height": 147
                                },
                                "xl": {
                                    "width": 147,
                                    "height": 147
                                }
                            }
                        }
                    }
                }
            }
        },
        "sign-in": {
            "properties": {
                "Small": {
                    "friendlyName": "Small",
                    "description": "Small",
                    "type": "layout",
                    "properties": {
                        "facebookIcon": {
                            "friendlyName": "Facebook icon image settings",
                            "description": "Facebook icon image settings",
                            "type": "imageSizes",
                            "properties": {
                                "xs": {
                                    "width": 32,
                                    "height": 32
                                },
                                "lg": {
                                    "width": 32,
                                    "height": 32
                                },
                                "xl": {
                                    "width": 32,
                                    "height": 32
                                }
                            }
                        },
                        "microsoftIcon": {
                            "friendlyName": "Microsoft icon image settings",
                            "description": "Microsoft icon image settings",
                            "type": "imageSizes",
                            "properties": {
                                "xs": {
                                    "width": 32,
                                    "height": 32
                                },
                                "lg": {
                                    "width": 32,
                                    "height": 32
                                },
                                "xl": {
                                    "width": 32,
                                    "height": 32
                                }
                            }
                        }
                    }
                }
            }
        },
        "checkout": {
            "properties": {
                "mediumWidth": {
                    "friendlyName": "Medium",
                    "description": "Medium",
                    "type": "layout",
                    "properties": {
                        "imageSettings": {
                            "friendlyName": "checkout items image settings",
                            "description": "Image settings for checkout items",
                            "type": "imageSizes",
                            "properties": {
                                "xs": {
                                    "width": 108,
                                    "height": 108
                                },
                                "lg": {
                                    "width": 108,
                                    "height": 108
                                },
                                "xl": {
                                    "width": 108,
                                    "height": 108
                                }
                            }
                        }
                    }
                }
            }
        },
        "cart": {
            "properties": {
                "mediumWidth": {
                    "friendlyName": "Medium",
                    "description": "Medium",
                    "type": "layout",
                    "properties": {
                        "imageSettings": {
                            "friendlyName": "cart items image settings",
                            "description": "Image settings for cart items",
                            "type": "imageSizes",
                            "properties": {
                                "xs": {
                                    "width": 183,
                                    "height": 183
                                },
                                "lg": {
                                    "width": 183,
                                    "height": 183
                                },
                                "xl": {
                                    "width": 183,
                                    "height": 183
                                }
                            }
                        }
                    }
                }
            }
        }
    },
    "gridSettings": {
        "xs": 767,
        "sm": 991,
        "md": 1199,
        "lg": 1599,
        "xl": 1600
    }
}