{
    "$type": "contentModule",
    "friendlyName": "my-featured-content",
    "name": "my-featured-content",
    "description": "Please add meaningful description for authoring",
    "categories": ["my-featured-content"],
    "tags": ["Additional tags go here"],
    "dataActions": {
        "products": {
            "path": "@msdyn365-commerce-modules/retail-actions/dist/lib/get-simple-products",
            "runOn": "server"
        }
    },
    "config": {
        "showText": {
            "friendlyName": "showText",
            "description": "example config value",
            "type": "string",
            "default": "Example Config Value",
            "scope": "module",
            "group": "Layout Properties"
        },
        "imageAlignment": {
            "friendlyName": "Image Alignment",
            "description": "Sets the desired alignment of the image, either left or right on the text.",
            "type": "string",
            "enum": {
                "left": "Left",
                "right": "Right"
            },
            "default": "left",
            "scope": "module",
            "group": "Layout Properties"
        },
        "imageSrc": {
            "type": "string",
            "friendlyName": "Image",
            "description": "Sample image in module",
            "required": true
        },
        "productIds": {
            "friendlyName": "Product Ids",
            "description": "Product Ids for data actions in content",
            "type": "string"
        }
    },
    "resources": {
        "resourceKey": {
            "comment": "resource description",
            "value": "resource value"
        }
    }
}