{
    "$type": "containerModule",
    "friendlyName": "featured-layout",
    "name": "featured-layout",
    "description": "Featured layout for displaying customized links to categories",
    "categories": ["featured-layout"],
    "tags": ["Additional tags go here"],
    "dataActions": {        
    },    
    "config": {
        "className": {
            "friendlyName": "Class for main container of layout",
            "description": "class for container",
            "type": "string",
            "default": "container",
            "group": "Layout Properties"
        }
    },
    "resources": {
        "resourceKey": {
            "comment": "resource description",
            "value": "resource value"
        }
    },
    "slots": {
        "leftItem": {
            "friendlyName": "Item for left side", 
            "description": "Slot for featured layout item", 
            "allowedTypes": ["featured-layout-item"],
            "min": 1,
            "max": 1
        },
        "rightTopLeftItem": {
            "friendlyName": "Item for right side top left", 
            "description": "Slot for featured layout item", 
            "allowedTypes": ["featured-layout-item"],
            "min": 1,
            "max": 1
        },
        "rightTopRightItem": {
            "friendlyName": "Item for right side top right", 
            "description": "Slot for featured layout item", 
            "allowedTypes": ["featured-layout-item"],
            "min": 1,
            "max": 1
        },
        "rightBaseItem": {
            "friendlyName": "Item for right side base", 
            "description": "Slot for featured layout item", 
            "allowedTypes": ["featured-layout-item"],
            "min": 1,
            "max": 1
        }
    }
}