{
    "$type": "containerModule",
    "friendlyName": "my-featured-container",
    "name": "my-featured-container",
    "description": "Please add meaningful description for authoring",
    "categories": ["my-featured-container"],
    "tags": ["Additional tags go here"],
    "dataActions": {        
    },    
    "config": {
        "showText": {
            "friendlyName": "showText",
            "description": "example config value",
            "type": "string",
            "default": "Example Config Value",
            "scope": "module",
            "group": "Layout Properties"
        }
    },
    "resources": {
        "resourceKey": {
            "comment": "resource description",
            "value": "resource value"
        }
    },
    "slots": {
        "slot1": {
            "friendlyName": "Slot for Sample content",
            "description": "Content to be rendered in container. Min 1 and Max 1",
            "allowedTypes": ["my-featured-content"],
            "max": 1,
            "min": 1
        },
        "slot2": {
            "friendlyName": "Slot2 for Sample content",
            "description": "Content to be rendered in container. Min 1 and Max 1",
            "allowedTypes": ["my-featured-content"],
            "max": 1,
            "min": 1
        }
    }
}